SourceURL,TargetURLReview,TargetURLProd
https://technet.microsoft.com/it-it/library/jj851141(v=exchg.80),https://review.docs.microsoft.com/it-it/previous-versions/jinhwatest-archive/temp5/jj851141(v=exchg.80),https://docs.microsoft.com/it-it/previous-versions/jinhwatest-archive/temp5/jj851141(v=exchg.80)
https://technet.microsoft.com/it-it/library/dd439392(v=exchg.80),https://review.docs.microsoft.com/it-it/previous-versions/jinhwatest-archive/temp5/dd439392(v=exchg.80),https://docs.microsoft.com/it-it/previous-versions/jinhwatest-archive/temp5/dd439392(v=exchg.80)
https://technet.microsoft.com/it-it/library/dd439384(v=exchg.80),https://review.docs.microsoft.com/it-it/previous-versions/jinhwatest-archive/temp5/dd439384(v=exchg.80),https://docs.microsoft.com/it-it/previous-versions/jinhwatest-archive/temp5/dd439384(v=exchg.80)
https://technet.microsoft.com/it-it/library/dd439385(v=exchg.80),https://review.docs.microsoft.com/it-it/previous-versions/jinhwatest-archive/temp5/dd439385(v=exchg.80),https://docs.microsoft.com/it-it/previous-versions/jinhwatest-archive/temp5/dd439385(v=exchg.80)
https://technet.microsoft.com/it-it/library/dd439362(v=exchg.80),https://review.docs.microsoft.com/it-it/previous-versions/jinhwatest-archive/temp5/dd439362(v=exchg.80),https://docs.microsoft.com/it-it/previous-versions/jinhwatest-archive/temp5/dd439362(v=exchg.80)
https://technet.microsoft.com/it-it/library/dd439380(v=exchg.80),https://review.docs.microsoft.com/it-it/previous-versions/jinhwatest-archive/temp5/dd439380(v=exchg.80),https://docs.microsoft.com/it-it/previous-versions/jinhwatest-archive/temp5/dd439380(v=exchg.80)
https://technet.microsoft.com/it-it/library/dd439398(v=exchg.80),https://review.docs.microsoft.com/it-it/previous-versions/jinhwatest-archive/temp5/dd439398(v=exchg.80),https://docs.microsoft.com/it-it/previous-versions/jinhwatest-archive/temp5/dd439398(v=exchg.80)
https://technet.microsoft.com/it-it/library/dd439376(v=exchg.80),https://review.docs.microsoft.com/it-it/previous-versions/jinhwatest-archive/temp5/dd439376(v=exchg.80),https://docs.microsoft.com/it-it/previous-versions/jinhwatest-archive/temp5/dd439376(v=exchg.80)
https://technet.microsoft.com/it-it/library/dd439388(v=exchg.80),https://review.docs.microsoft.com/it-it/previous-versions/jinhwatest-archive/temp5/dd439388(v=exchg.80),https://docs.microsoft.com/it-it/previous-versions/jinhwatest-archive/temp5/dd439388(v=exchg.80)
https://technet.microsoft.com/it-it/library/dd439390(v=exchg.80),https://review.docs.microsoft.com/it-it/previous-versions/jinhwatest-archive/temp5/dd439390(v=exchg.80),https://docs.microsoft.com/it-it/previous-versions/jinhwatest-archive/temp5/dd439390(v=exchg.80)
https://technet.microsoft.com/it-it/library/dd439374(v=exchg.80),https://review.docs.microsoft.com/it-it/previous-versions/jinhwatest-archive/temp5/dd439374(v=exchg.80),https://docs.microsoft.com/it-it/previous-versions/jinhwatest-archive/temp5/dd439374(v=exchg.80)
https://technet.microsoft.com/it-it/library/dd439395(v=exchg.80),https://review.docs.microsoft.com/it-it/previous-versions/jinhwatest-archive/temp5/dd439395(v=exchg.80),https://docs.microsoft.com/it-it/previous-versions/jinhwatest-archive/temp5/dd439395(v=exchg.80)
https://technet.microsoft.com/it-it/library/dd439397(v=exchg.80),https://review.docs.microsoft.com/it-it/previous-versions/jinhwatest-archive/temp5/dd439397(v=exchg.80),https://docs.microsoft.com/it-it/previous-versions/jinhwatest-archive/temp5/dd439397(v=exchg.80)
https://technet.microsoft.com/it-it/library/dd439361(v=exchg.80),https://review.docs.microsoft.com/it-it/previous-versions/jinhwatest-archive/temp5/dd439361(v=exchg.80),https://docs.microsoft.com/it-it/previous-versions/jinhwatest-archive/temp5/dd439361(v=exchg.80)
https://technet.microsoft.com/it-it/library/dd439378(v=exchg.80),https://review.docs.microsoft.com/it-it/previous-versions/jinhwatest-archive/temp5/dd439378(v=exchg.80),https://docs.microsoft.com/it-it/previous-versions/jinhwatest-archive/temp5/dd439378(v=exchg.80)
https://technet.microsoft.com/it-it/library/dd439368(v=exchg.80),https://review.docs.microsoft.com/it-it/previous-versions/jinhwatest-archive/temp5/dd439368(v=exchg.80),https://docs.microsoft.com/it-it/previous-versions/jinhwatest-archive/temp5/dd439368(v=exchg.80)
https://technet.microsoft.com/it-it/library/dd439393(v=exchg.80),https://review.docs.microsoft.com/it-it/previous-versions/jinhwatest-archive/temp5/dd439393(v=exchg.80),https://docs.microsoft.com/it-it/previous-versions/jinhwatest-archive/temp5/dd439393(v=exchg.80)
https://technet.microsoft.com/it-it/library/dd439394(v=exchg.80),https://review.docs.microsoft.com/it-it/previous-versions/jinhwatest-archive/temp5/dd439394(v=exchg.80),https://docs.microsoft.com/it-it/previous-versions/jinhwatest-archive/temp5/dd439394(v=exchg.80)
https://technet.microsoft.com/it-it/library/dd439389(v=exchg.80),https://review.docs.microsoft.com/it-it/previous-versions/jinhwatest-archive/temp5/dd439389(v=exchg.80),https://docs.microsoft.com/it-it/previous-versions/jinhwatest-archive/temp5/dd439389(v=exchg.80)
https://technet.microsoft.com/it-it/library/dd439386(v=exchg.80),https://review.docs.microsoft.com/it-it/previous-versions/jinhwatest-archive/temp5/dd439386(v=exchg.80),https://docs.microsoft.com/it-it/previous-versions/jinhwatest-archive/temp5/dd439386(v=exchg.80)
https://technet.microsoft.com/it-it/library/dd439366(v=exchg.80),https://review.docs.microsoft.com/it-it/previous-versions/jinhwatest-archive/temp5/dd439366(v=exchg.80),https://docs.microsoft.com/it-it/previous-versions/jinhwatest-archive/temp5/dd439366(v=exchg.80)
https://technet.microsoft.com/it-it/library/dd439371(v=exchg.80),https://review.docs.microsoft.com/it-it/previous-versions/jinhwatest-archive/temp5/dd439371(v=exchg.80),https://docs.microsoft.com/it-it/previous-versions/jinhwatest-archive/temp5/dd439371(v=exchg.80)
https://technet.microsoft.com/it-it/library/dd439391(v=exchg.80),https://review.docs.microsoft.com/it-it/previous-versions/jinhwatest-archive/temp5/dd439391(v=exchg.80),https://docs.microsoft.com/it-it/previous-versions/jinhwatest-archive/temp5/dd439391(v=exchg.80)
https://technet.microsoft.com/it-it/library/dd439379(v=exchg.80),https://review.docs.microsoft.com/it-it/previous-versions/jinhwatest-archive/temp5/dd439379(v=exchg.80),https://docs.microsoft.com/it-it/previous-versions/jinhwatest-archive/temp5/dd439379(v=exchg.80)
https://technet.microsoft.com/it-it/library/dd439383(v=exchg.80),https://review.docs.microsoft.com/it-it/previous-versions/jinhwatest-archive/temp5/dd439383(v=exchg.80),https://docs.microsoft.com/it-it/previous-versions/jinhwatest-archive/temp5/dd439383(v=exchg.80)
https://technet.microsoft.com/it-it/library/dd439367(v=exchg.80),https://review.docs.microsoft.com/it-it/previous-versions/jinhwatest-archive/temp5/dd439367(v=exchg.80),https://docs.microsoft.com/it-it/previous-versions/jinhwatest-archive/temp5/dd439367(v=exchg.80)
https://technet.microsoft.com/it-it/library/dd439370(v=exchg.80),https://review.docs.microsoft.com/it-it/previous-versions/jinhwatest-archive/temp5/dd439370(v=exchg.80),https://docs.microsoft.com/it-it/previous-versions/jinhwatest-archive/temp5/dd439370(v=exchg.80)
https://technet.microsoft.com/it-it/library/dd439363(v=exchg.80),https://review.docs.microsoft.com/it-it/previous-versions/jinhwatest-archive/temp5/dd439363(v=exchg.80),https://docs.microsoft.com/it-it/previous-versions/jinhwatest-archive/temp5/dd439363(v=exchg.80)
https://technet.microsoft.com/it-it/library/dd439381(v=exchg.80),https://review.docs.microsoft.com/it-it/previous-versions/jinhwatest-archive/temp5/dd439381(v=exchg.80),https://docs.microsoft.com/it-it/previous-versions/jinhwatest-archive/temp5/dd439381(v=exchg.80)
https://technet.microsoft.com/it-it/library/dd439387(v=exchg.80),https://review.docs.microsoft.com/it-it/previous-versions/jinhwatest-archive/temp5/dd439387(v=exchg.80),https://docs.microsoft.com/it-it/previous-versions/jinhwatest-archive/temp5/dd439387(v=exchg.80)
https://technet.microsoft.com/it-it/library/dd439365(v=exchg.80),https://review.docs.microsoft.com/it-it/previous-versions/jinhwatest-archive/temp5/dd439365(v=exchg.80),https://docs.microsoft.com/it-it/previous-versions/jinhwatest-archive/temp5/dd439365(v=exchg.80)
https://technet.microsoft.com/it-it/library/dd439382(v=exchg.80),https://review.docs.microsoft.com/it-it/previous-versions/jinhwatest-archive/temp5/dd439382(v=exchg.80),https://docs.microsoft.com/it-it/previous-versions/jinhwatest-archive/temp5/dd439382(v=exchg.80)
https://technet.microsoft.com/it-it/library/dd439373(v=exchg.80),https://review.docs.microsoft.com/it-it/previous-versions/jinhwatest-archive/temp5/dd439373(v=exchg.80),https://docs.microsoft.com/it-it/previous-versions/jinhwatest-archive/temp5/dd439373(v=exchg.80)
https://technet.microsoft.com/it-it/library/dd439375(v=exchg.80),https://review.docs.microsoft.com/it-it/previous-versions/jinhwatest-archive/temp5/dd439375(v=exchg.80),https://docs.microsoft.com/it-it/previous-versions/jinhwatest-archive/temp5/dd439375(v=exchg.80)
https://technet.microsoft.com/it-it/library/dd439372(v=exchg.80),https://review.docs.microsoft.com/it-it/previous-versions/jinhwatest-archive/temp5/dd439372(v=exchg.80),https://docs.microsoft.com/it-it/previous-versions/jinhwatest-archive/temp5/dd439372(v=exchg.80)
https://technet.microsoft.com/it-it/library/dd439369(v=exchg.80),https://review.docs.microsoft.com/it-it/previous-versions/jinhwatest-archive/temp5/dd439369(v=exchg.80),https://docs.microsoft.com/it-it/previous-versions/jinhwatest-archive/temp5/dd439369(v=exchg.80)
https://technet.microsoft.com/it-it/library/ee410525(v=exchg.80),https://review.docs.microsoft.com/it-it/previous-versions/jinhwatest-archive/temp5/ee410525(v=exchg.80),https://docs.microsoft.com/it-it/previous-versions/jinhwatest-archive/temp5/ee410525(v=exchg.80)
https://technet.microsoft.com/it-it/library/ee410524(v=exchg.80),https://review.docs.microsoft.com/it-it/previous-versions/jinhwatest-archive/temp5/ee410524(v=exchg.80),https://docs.microsoft.com/it-it/previous-versions/jinhwatest-archive/temp5/ee410524(v=exchg.80)
https://technet.microsoft.com/it-it/library/ee410527(v=exchg.80),https://review.docs.microsoft.com/it-it/previous-versions/jinhwatest-archive/temp5/ee410527(v=exchg.80),https://docs.microsoft.com/it-it/previous-versions/jinhwatest-archive/temp5/ee410527(v=exchg.80)
https://technet.microsoft.com/it-it/library/ee410522(v=exchg.80),https://review.docs.microsoft.com/it-it/previous-versions/jinhwatest-archive/temp5/ee410522(v=exchg.80),https://docs.microsoft.com/it-it/previous-versions/jinhwatest-archive/temp5/ee410522(v=exchg.80)
https://technet.microsoft.com/it-it/library/ee410521(v=exchg.80),https://review.docs.microsoft.com/it-it/previous-versions/jinhwatest-archive/temp5/ee410521(v=exchg.80),https://docs.microsoft.com/it-it/previous-versions/jinhwatest-archive/temp5/ee410521(v=exchg.80)
https://technet.microsoft.com/it-it/library/ee410526(v=exchg.80),https://review.docs.microsoft.com/it-it/previous-versions/jinhwatest-archive/temp5/ee410526(v=exchg.80),https://docs.microsoft.com/it-it/previous-versions/jinhwatest-archive/temp5/ee410526(v=exchg.80)
https://technet.microsoft.com/it-it/library/ee410523(v=exchg.80),https://review.docs.microsoft.com/it-it/previous-versions/jinhwatest-archive/temp5/ee410523(v=exchg.80),https://docs.microsoft.com/it-it/previous-versions/jinhwatest-archive/temp5/ee410523(v=exchg.80)
https://technet.microsoft.com/it-it/library/ee410520(v=exchg.80),https://review.docs.microsoft.com/it-it/previous-versions/jinhwatest-archive/temp5/ee410520(v=exchg.80),https://docs.microsoft.com/it-it/previous-versions/jinhwatest-archive/temp5/ee410520(v=exchg.80)
https://technet.microsoft.com/it-it/library/ff796197(v=exchg.80),https://review.docs.microsoft.com/it-it/previous-versions/jinhwatest-archive/temp5/ff796197(v=exchg.80),https://docs.microsoft.com/it-it/previous-versions/jinhwatest-archive/temp5/ff796197(v=exchg.80)
https://technet.microsoft.com/it-it/library/ff796198(v=exchg.80),https://review.docs.microsoft.com/it-it/previous-versions/jinhwatest-archive/temp5/ff796198(v=exchg.80),https://docs.microsoft.com/it-it/previous-versions/jinhwatest-archive/temp5/ff796198(v=exchg.80)
https://technet.microsoft.com/it-it/library/hh241328(v=exchg.80),https://review.docs.microsoft.com/it-it/previous-versions/jinhwatest-archive/temp5/hh241328(v=exchg.80),https://docs.microsoft.com/it-it/previous-versions/jinhwatest-archive/temp5/hh241328(v=exchg.80)
https://technet.microsoft.com/it-it/library/hh241332(v=exchg.80),https://review.docs.microsoft.com/it-it/previous-versions/jinhwatest-archive/temp5/hh241332(v=exchg.80),https://docs.microsoft.com/it-it/previous-versions/jinhwatest-archive/temp5/hh241332(v=exchg.80)
https://technet.microsoft.com/it-it/library/hh241336(v=exchg.80),https://review.docs.microsoft.com/it-it/previous-versions/jinhwatest-archive/temp5/hh241336(v=exchg.80),https://docs.microsoft.com/it-it/previous-versions/jinhwatest-archive/temp5/hh241336(v=exchg.80)
https://technet.microsoft.com/it-it/library/hh241329(v=exchg.80),https://review.docs.microsoft.com/it-it/previous-versions/jinhwatest-archive/temp5/hh241329(v=exchg.80),https://docs.microsoft.com/it-it/previous-versions/jinhwatest-archive/temp5/hh241329(v=exchg.80)
https://technet.microsoft.com/it-it/library/hh241335(v=exchg.80),https://review.docs.microsoft.com/it-it/previous-versions/jinhwatest-archive/temp5/hh241335(v=exchg.80),https://docs.microsoft.com/it-it/previous-versions/jinhwatest-archive/temp5/hh241335(v=exchg.80)
https://technet.microsoft.com/it-it/library/hh241330(v=exchg.80),https://review.docs.microsoft.com/it-it/previous-versions/jinhwatest-archive/temp5/hh241330(v=exchg.80),https://docs.microsoft.com/it-it/previous-versions/jinhwatest-archive/temp5/hh241330(v=exchg.80)
https://technet.microsoft.com/it-it/library/hh241338(v=exchg.80),https://review.docs.microsoft.com/it-it/previous-versions/jinhwatest-archive/temp5/hh241338(v=exchg.80),https://docs.microsoft.com/it-it/previous-versions/jinhwatest-archive/temp5/hh241338(v=exchg.80)
https://technet.microsoft.com/it-it/library/hh241334(v=exchg.80),https://review.docs.microsoft.com/it-it/previous-versions/jinhwatest-archive/temp5/hh241334(v=exchg.80),https://docs.microsoft.com/it-it/previous-versions/jinhwatest-archive/temp5/hh241334(v=exchg.80)
https://technet.microsoft.com/it-it/library/hh241331(v=exchg.80),https://review.docs.microsoft.com/it-it/previous-versions/jinhwatest-archive/temp5/hh241331(v=exchg.80),https://docs.microsoft.com/it-it/previous-versions/jinhwatest-archive/temp5/hh241331(v=exchg.80)
https://technet.microsoft.com/it-it/library/hh241339(v=exchg.80),https://review.docs.microsoft.com/it-it/previous-versions/jinhwatest-archive/temp5/hh241339(v=exchg.80),https://docs.microsoft.com/it-it/previous-versions/jinhwatest-archive/temp5/hh241339(v=exchg.80)
https://technet.microsoft.com/it-it/library/hh241337(v=exchg.80),https://review.docs.microsoft.com/it-it/previous-versions/jinhwatest-archive/temp5/hh241337(v=exchg.80),https://docs.microsoft.com/it-it/previous-versions/jinhwatest-archive/temp5/hh241337(v=exchg.80)
https://technet.microsoft.com/it-it/library/hh241340(v=exchg.80),https://review.docs.microsoft.com/it-it/previous-versions/jinhwatest-archive/temp5/hh241340(v=exchg.80),https://docs.microsoft.com/it-it/previous-versions/jinhwatest-archive/temp5/hh241340(v=exchg.80)
https://technet.microsoft.com/it-it/library/hh696885(v=exchg.80),https://review.docs.microsoft.com/it-it/previous-versions/jinhwatest-archive/temp5/hh696885(v=exchg.80),https://docs.microsoft.com/it-it/previous-versions/jinhwatest-archive/temp5/hh696885(v=exchg.80)
https://technet.microsoft.com/it-it/library/hh849186(v=exchg.80),https://review.docs.microsoft.com/it-it/previous-versions/jinhwatest-archive/temp5/hh849186(v=exchg.80),https://docs.microsoft.com/it-it/previous-versions/jinhwatest-archive/temp5/hh849186(v=exchg.80)
https://technet.microsoft.com/it-it/library/hh849187(v=exchg.80),https://review.docs.microsoft.com/it-it/previous-versions/jinhwatest-archive/temp5/hh849187(v=exchg.80),https://docs.microsoft.com/it-it/previous-versions/jinhwatest-archive/temp5/hh849187(v=exchg.80)
https://technet.microsoft.com/it-it/library/jj710174(v=exchg.80),https://review.docs.microsoft.com/it-it/previous-versions/jinhwatest-archive/temp5/jj710174(v=exchg.80),https://docs.microsoft.com/it-it/previous-versions/jinhwatest-archive/temp5/jj710174(v=exchg.80)
https://technet.microsoft.com/it-it/library/jj710173(v=exchg.80),https://review.docs.microsoft.com/it-it/previous-versions/jinhwatest-archive/temp5/jj710173(v=exchg.80),https://docs.microsoft.com/it-it/previous-versions/jinhwatest-archive/temp5/jj710173(v=exchg.80)
https://technet.microsoft.com/it-it/library/jj710172(v=exchg.80),https://review.docs.microsoft.com/it-it/previous-versions/jinhwatest-archive/temp5/jj710172(v=exchg.80),https://docs.microsoft.com/it-it/previous-versions/jinhwatest-archive/temp5/jj710172(v=exchg.80)
https://technet.microsoft.com/it-it/library/jj863254(v=exchg.80),https://review.docs.microsoft.com/it-it/previous-versions/jinhwatest-archive/temp5/jj863254(v=exchg.80),https://docs.microsoft.com/it-it/previous-versions/jinhwatest-archive/temp5/jj863254(v=exchg.80)
https://technet.microsoft.com/it-it/library/jj863252(v=exchg.80),https://review.docs.microsoft.com/it-it/previous-versions/jinhwatest-archive/temp5/jj863252(v=exchg.80),https://docs.microsoft.com/it-it/previous-versions/jinhwatest-archive/temp5/jj863252(v=exchg.80)
https://technet.microsoft.com/it-it/library/jj863253(v=exchg.80),https://review.docs.microsoft.com/it-it/previous-versions/jinhwatest-archive/temp5/jj863253(v=exchg.80),https://docs.microsoft.com/it-it/previous-versions/jinhwatest-archive/temp5/jj863253(v=exchg.80)
https://technet.microsoft.com/it-it/library/jj863256(v=exchg.80),https://review.docs.microsoft.com/it-it/previous-versions/jinhwatest-archive/temp5/jj863256(v=exchg.80),https://docs.microsoft.com/it-it/previous-versions/jinhwatest-archive/temp5/jj863256(v=exchg.80)
https://technet.microsoft.com/it-it/library/jj863255(v=exchg.80),https://review.docs.microsoft.com/it-it/previous-versions/jinhwatest-archive/temp5/jj863255(v=exchg.80),https://docs.microsoft.com/it-it/previous-versions/jinhwatest-archive/temp5/jj863255(v=exchg.80)
https://technet.microsoft.com/it-it/library/jj863251(v=exchg.80),https://review.docs.microsoft.com/it-it/previous-versions/jinhwatest-archive/temp5/jj863251(v=exchg.80),https://docs.microsoft.com/it-it/previous-versions/jinhwatest-archive/temp5/jj863251(v=exchg.80)
https://technet.microsoft.com/it-it/library/jj715719(v=exchg.80),https://review.docs.microsoft.com/it-it/previous-versions/jinhwatest-archive/temp5/jj715719(v=exchg.80),https://docs.microsoft.com/it-it/previous-versions/jinhwatest-archive/temp5/jj715719(v=exchg.80)
https://technet.microsoft.com/it-it/library/jj983722(v=exchg.80),https://review.docs.microsoft.com/it-it/previous-versions/jinhwatest-archive/temp5/jj983722(v=exchg.80),https://docs.microsoft.com/it-it/previous-versions/jinhwatest-archive/temp5/jj983722(v=exchg.80)
https://technet.microsoft.com/it-it/library/dn127039(v=exchg.80),https://review.docs.microsoft.com/it-it/previous-versions/jinhwatest-archive/temp5/dn127039(v=exchg.80),https://docs.microsoft.com/it-it/previous-versions/jinhwatest-archive/temp5/dn127039(v=exchg.80)
https://technet.microsoft.com/it-it/library/dn127040(v=exchg.80),https://review.docs.microsoft.com/it-it/previous-versions/jinhwatest-archive/temp5/dn127040(v=exchg.80),https://docs.microsoft.com/it-it/previous-versions/jinhwatest-archive/temp5/dn127040(v=exchg.80)
https://technet.microsoft.com/it-it/library/dn127041(v=exchg.80),https://review.docs.microsoft.com/it-it/previous-versions/jinhwatest-archive/temp5/dn127041(v=exchg.80),https://docs.microsoft.com/it-it/previous-versions/jinhwatest-archive/temp5/dn127041(v=exchg.80)
https://technet.microsoft.com/it-it/library/dn133083(v=exchg.80),https://review.docs.microsoft.com/it-it/previous-versions/jinhwatest-archive/temp5/dn133083(v=exchg.80),https://docs.microsoft.com/it-it/previous-versions/jinhwatest-archive/temp5/dn133083(v=exchg.80)
https://technet.microsoft.com/it-it/library/dd439364(v=exchg.80),https://review.docs.microsoft.com/it-it/previous-versions/jinhwatest-archive/temp5/dd439364(v=exchg.80),https://docs.microsoft.com/it-it/previous-versions/jinhwatest-archive/temp5/dd439364(v=exchg.80)
